<?xml version="1.0" encoding="UTF-8"?>
<GenRun Id="synth_1" LaunchPart="xc7a35tcsg324-1" LaunchTime="1492607616">
  <File Type="RDS-DCP" Name="top.dcp"/>
  <File Type="RUN-CONSTRS" Name="$PDATADIR/runs/synth_1/constrs_in.xml"/>
  <File Type="RDS-UTIL-PB" Name="top_utilization_synth.pb"/>
  <File Type="RUN-SRCS" Name="$PDATADIR/runs/synth_1/sources.xml"/>
  <File Type="RDS-PROPCONSTRS" Name="top_drc_synth.rpt"/>
  <File Type="PA-TCL" Name="top.tcl"/>
  <File Type="RUN-STRAT" Name="$PDATADIR/runs/synth_1/synth_1.psg"/>
  <File Type="RDS-RDS" Name="top.vds"/>
  <File Type="RDS-UTIL" Name="top_utilization_synth.rpt"/>
  <File Type="VDS-TIMINGSUMMARY" Name="top_timing_summary_synth.rpt"/>
  <File Type="VDS-TIMING-PB" Name="top_timing_summary_synth.pb"/>
  <FileSet Name="sources" Type="DesignSrcs" RelSrcDir="$PSRCDIR/sources_1">
    <Filter Type="Srcs"/>
    <File Path="$PSRCDIR/sources_1/new/segMsg2.v">
      <FileInfo>
        <Attr Name="ImportPath" Val="$PPRDIR/../project_3.2/project_3.2.srcs/sources_1/new/segMsg2.v"/>
        <Attr Name="ImportTime" Val="1490929081"/>
        <Attr Name="UsedIn" Val="synthesis"/>
        <Attr Name="UsedIn" Val="implementation"/>
        <Attr Name="UsedIn" Val="simulation"/>
      </FileInfo>
    </File>
    <File Path="$PSRCDIR/sources_1/new/GPU.v">
      <FileInfo>
        <Attr Name="ImportPath" Val="$PPRDIR/../project_3.2/project_3.2.srcs/sources_1/new/GPU.v"/>
        <Attr Name="ImportTime" Val="1490780742"/>
        <Attr Name="UsedIn" Val="synthesis"/>
        <Attr Name="UsedIn" Val="implementation"/>
        <Attr Name="UsedIn" Val="simulation"/>
      </FileInfo>
    </File>
    <File Path="$PSRCDIR/sources_1/new/segMsg1.v">
      <FileInfo>
        <Attr Name="ImportPath" Val="$PPRDIR/../project_3.2/project_3.2.srcs/sources_1/new/segMsg1.v"/>
        <Attr Name="ImportTime" Val="1490917972"/>
        <Attr Name="UsedIn" Val="synthesis"/>
        <Attr Name="UsedIn" Val="implementation"/>
        <Attr Name="UsedIn" Val="simulation"/>
      </FileInfo>
    </File>
    <File Path="$PSRCDIR/sources_1/new/dataRead.v">
      <FileInfo>
        <Attr Name="ImportPath" Val="$PPRDIR/../project_3.2/project_3.2.srcs/sources_1/new/dataRead.v"/>
        <Attr Name="ImportTime" Val="1490928210"/>
        <Attr Name="UsedIn" Val="synthesis"/>
        <Attr Name="UsedIn" Val="implementation"/>
        <Attr Name="UsedIn" Val="simulation"/>
      </FileInfo>
    </File>
    <File Path="$PSRCDIR/sources_1/new/clkDiv.v">
      <FileInfo>
        <Attr Name="ImportPath" Val="$PPRDIR/../project_3.2/project_3.2.srcs/sources_1/new/clkDiv.v"/>
        <Attr Name="ImportTime" Val="1490776923"/>
        <Attr Name="UsedIn" Val="synthesis"/>
        <Attr Name="UsedIn" Val="implementation"/>
        <Attr Name="UsedIn" Val="simulation"/>
      </FileInfo>
    </File>
    <File Path="$PSRCDIR/sources_1/new/catchPress.v">
      <FileInfo>
        <Attr Name="ImportPath" Val="$PPRDIR/../project_3.2/project_3.2.srcs/sources_1/new/catchPress.v"/>
        <Attr Name="ImportTime" Val="1490920916"/>
        <Attr Name="UsedIn" Val="synthesis"/>
        <Attr Name="UsedIn" Val="implementation"/>
        <Attr Name="UsedIn" Val="simulation"/>
      </FileInfo>
    </File>
    <File Path="$PSRCDIR/sources_1/new/dataShow.v">
      <FileInfo>
        <Attr Name="ImportPath" Val="$PPRDIR/../project_3.2/project_3.2.srcs/sources_1/new/dataShow.v"/>
        <Attr Name="ImportTime" Val="1490917936"/>
        <Attr Name="UsedIn" Val="synthesis"/>
        <Attr Name="UsedIn" Val="implementation"/>
        <Attr Name="UsedIn" Val="simulation"/>
      </FileInfo>
    </File>
    <File Path="$PSRCDIR/sources_1/new/top.v">
      <FileInfo>
        <Attr Name="ImportPath" Val="$PPRDIR/../project_3.2/project_3.2.srcs/sources_1/new/top.v"/>
        <Attr Name="ImportTime" Val="1490927266"/>
        <Attr Name="UsedIn" Val="synthesis"/>
        <Attr Name="UsedIn" Val="implementation"/>
        <Attr Name="UsedIn" Val="simulation"/>
      </FileInfo>
    </File>
    <Config>
      <Option Name="DesignMode" Val="RTL"/>
      <Option Name="TopModule" Val="top"/>
      <Option Name="TopAutoSet" Val="TRUE"/>
    </Config>
  </FileSet>
  <FileSet Name="constrs_in" Type="Constrs" RelSrcDir="$PSRCDIR/constrs_1">
    <Filter Type="Constrs"/>
    <File Path="$PSRCDIR/constrs_1/new/scroll.xdc">
      <FileInfo>
        <Attr Name="ImportPath" Val="$PPRDIR/../project_3.2/project_3.2.srcs/constrs_1/new/scroll.xdc"/>
        <Attr Name="ImportTime" Val="1490927808"/>
        <Attr Name="UsedIn" Val="synthesis"/>
        <Attr Name="UsedIn" Val="implementation"/>
      </FileInfo>
    </File>
    <Config>
      <Option Name="TargetConstrsFile" Val="$PSRCDIR/constrs_1/new/scroll.xdc"/>
      <Option Name="ConstrsType" Val="XDC"/>
    </Config>
  </FileSet>
  <Strategy Version="1" Minor="2">
    <StratHandle Name="Vivado Synthesis Defaults" Flow="Vivado Synthesis 2015">
      <Desc>Vivado Synthesis Defaults</Desc>
    </StratHandle>
    <Step Id="synth_design"/>
  </Strategy>
</GenRun>
