<?xml version="1.0" encoding="UTF-8"?>
<GenRun Id="impl_1" LaunchPart="xc7a35tcsg324-1" LaunchTime="1492608670">
  <File Type="OPT-DCP" Name="Greedy_Snake_opt.dcp"/>
  <File Type="RUN-CONSTRS" Name="$PDATADIR/runs/impl_1/constrs_in.xml"/>
  <File Type="RUN-SRCS" Name="$PDATADIR/runs/impl_1/sources.xml"/>
  <File Type="ROUTE-DCP" Name="Greedy_Snake_routed.dcp"/>
  <File Type="PA-TCL" Name="Greedy_Snake.tcl"/>
  <File Type="RUN-STRAT" Name="$PDATADIR/runs/impl_1/impl_1.psg"/>
  <File Type="OPT-DRC" Name="Greedy_Snake_drc_opted.rpt"/>
  <File Type="INIT-TIMING" Name="Greedy_Snake_timing_summary_init.rpt"/>
  <File Type="OPT-TIMING" Name="Greedy_Snake_timing_summary_opted.rpt"/>
  <File Type="OPT-HWDEF" Name="Greedy_Snake.hwdef"/>
  <File Type="PWROPT-DCP" Name="Greedy_Snake_pwropt.dcp"/>
  <File Type="PWROPT-DRC" Name="Greedy_Snake_drc_pwropted.rpt"/>
  <File Type="PWROPT-TIMING" Name="Greedy_Snake_timing_summary_pwropted.rpt"/>
  <File Type="PLACE-DCP" Name="Greedy_Snake_placed.dcp"/>
  <File Type="PLACE-IO" Name="Greedy_Snake_io_placed.rpt"/>
  <File Type="PLACE-CLK" Name="Greedy_Snake_clock_utilization_placed.rpt"/>
  <File Type="PLACE-UTIL" Name="Greedy_Snake_utilization_placed.rpt"/>
  <File Type="PLACE-UTIL-PB" Name="Greedy_Snake_utilization_placed.pb"/>
  <File Type="PLACE-CTRL" Name="Greedy_Snake_control_sets_placed.rpt"/>
  <File Type="PLACE-SIMILARITY" Name="Greedy_Snake_incremental_reuse_placed.rpt"/>
  <File Type="PLACE-PRE-SIMILARITY" Name="Greedy_Snake_incremental_reuse_pre_placed.rpt"/>
  <File Type="PLACE-TIMING" Name="Greedy_Snake_timing_summary_placed.rpt"/>
  <File Type="POSTPLACE-PWROPT-DCP" Name="Greedy_Snake_postplace_pwropt.dcp"/>
  <File Type="POSTPLACE-PWROPT-TIMING" Name="Greedy_Snake_timing_summary_postplace_pwropted.rpt"/>
  <File Type="PHYSOPT-DCP" Name="Greedy_Snake_physopt.dcp"/>
  <File Type="RDI-RDI" Name="Greedy_Snake.vdi"/>
  <File Type="PHYSOPT-DRC" Name="Greedy_Snake_drc_physopted.rpt"/>
  <File Type="PHYSOPT-TIMING" Name="Greedy_Snake_timing_summary_physopted.rpt"/>
  <File Type="ROUTE-DRC" Name="Greedy_Snake_drc_routed.rpt"/>
  <File Type="ROUTE-DRC-PB" Name="Greedy_Snake_drc_routed.pb"/>
  <File Type="ROUTE-PWR" Name="Greedy_Snake_power_routed.rpt"/>
  <File Type="ROUTE-PWR-SUM" Name="Greedy_Snake_power_summary_routed.pb"/>
  <File Type="ROUTE-STATUS" Name="Greedy_Snake_route_status.rpt"/>
  <File Type="ROUTE-STATUS-PB" Name="Greedy_Snake_route_status.pb"/>
  <File Type="ROUTE-TIMINGSUMMARY" Name="Greedy_Snake_timing_summary_routed.rpt"/>
  <File Type="ROUTE-TIMING-PB" Name="Greedy_Snake_timing_summary_routed.pb"/>
  <File Type="ROUTE-TIMING-RPX" Name="Greedy_Snake_timing_summary_routed.rpx"/>
  <File Type="ROUTE-SIMILARITY" Name="Greedy_Snake_incremental_reuse_routed.rpt"/>
  <File Type="ROUTE-CLK" Name="Greedy_Snake_clock_utilization_routed.rpt"/>
  <File Type="POSTROUTE-PHYSOPT-DCP" Name="Greedy_Snake_postroute_physopt.dcp"/>
  <File Type="POSTROUTE-PHYSOPT-TIMING" Name="Greedy_Snake_timing_summary_postroute_physopted.rpt"/>
  <File Type="POSTROUTE-PHYSOPT-TIMING-PB" Name="Greedy_Snake_timing_summary_postroute_physopted.pb"/>
  <File Type="POSTROUTE-PHYSOPT-TIMING-RPX" Name="Greedy_Snake_timing_summary_postroute_physopted.rpx"/>
  <File Type="BG-BIT" Name="Greedy_Snake.bit"/>
  <File Type="BG-BIN" Name="Greedy_Snake.bin"/>
  <File Type="BITSTR-MSK" Name="Greedy_Snake.msk"/>
  <File Type="BITSTR-RBT" Name="Greedy_Snake.rbt"/>
  <File Type="BITSTR-NKY" Name="Greedy_Snake.nky"/>
  <File Type="BITSTR-BMM" Name="Greedy_Snake_bd.bmm"/>
  <File Type="BITSTR-MMI" Name="Greedy_Snake.mmi"/>
  <File Type="BITSTR-SYSDEF" Name="Greedy_Snake.sysdef"/>
  <File Type="BG-BGN" Name="Greedy_Snake.bgn"/>
  <File Type="BG-DRC" Name="Greedy_Snake.drc"/>
  <File Type="WBT-USG" Name="usage_statistics_webtalk.html"/>
  <FileSet Name="sources" Type="DesignSrcs" RelSrcDir="$PSRCDIR/sources_1">
    <Filter Type="Srcs"/>
    <File Path="$PSRCDIR/sources_1/new/clk4to1.v">
      <FileInfo>
        <Attr Name="UsedIn" Val="synthesis"/>
        <Attr Name="UsedIn" Val="implementation"/>
        <Attr Name="UsedIn" Val="simulation"/>
      </FileInfo>
    </File>
    <File Path="$PSRCDIR/sources_1/new/Snake.v">
      <FileInfo>
        <Attr Name="UsedIn" Val="synthesis"/>
        <Attr Name="UsedIn" Val="implementation"/>
        <Attr Name="UsedIn" Val="simulation"/>
      </FileInfo>
    </File>
    <File Path="$PSRCDIR/sources_1/new/Seg_display.v">
      <FileInfo>
        <Attr Name="UsedIn" Val="synthesis"/>
        <Attr Name="UsedIn" Val="implementation"/>
        <Attr Name="UsedIn" Val="simulation"/>
      </FileInfo>
    </File>
    <File Path="$PSRCDIR/sources_1/new/VGA.v">
      <FileInfo>
        <Attr Name="UsedIn" Val="synthesis"/>
        <Attr Name="UsedIn" Val="implementation"/>
        <Attr Name="UsedIn" Val="simulation"/>
      </FileInfo>
    </File>
    <File Path="$PSRCDIR/sources_1/new/Game_ctrl_unit.v">
      <FileInfo>
        <Attr Name="UsedIn" Val="synthesis"/>
        <Attr Name="UsedIn" Val="implementation"/>
        <Attr Name="UsedIn" Val="simulation"/>
      </FileInfo>
    </File>
    <File Path="$PSRCDIR/sources_1/new/Snake_eating_apple.v">
      <FileInfo>
        <Attr Name="UsedIn" Val="synthesis"/>
        <Attr Name="UsedIn" Val="implementation"/>
        <Attr Name="UsedIn" Val="simulation"/>
      </FileInfo>
    </File>
    <File Path="$PSRCDIR/sources_1/new/Key.v">
      <FileInfo>
        <Attr Name="UsedIn" Val="synthesis"/>
        <Attr Name="UsedIn" Val="implementation"/>
        <Attr Name="UsedIn" Val="simulation"/>
      </FileInfo>
    </File>
    <File Path="$PSRCDIR/sources_1/new/Greedy_Snake.v">
      <FileInfo>
        <Attr Name="UsedIn" Val="synthesis"/>
        <Attr Name="UsedIn" Val="implementation"/>
        <Attr Name="UsedIn" Val="simulation"/>
      </FileInfo>
    </File>
    <Config>
      <Option Name="DesignMode" Val="RTL"/>
      <Option Name="TopModule" Val="Greedy_Snake"/>
      <Option Name="TopAutoSet" Val="TRUE"/>
    </Config>
  </FileSet>
  <FileSet Name="constrs_in" Type="Constrs" RelSrcDir="$PSRCDIR/constrs_1">
    <Filter Type="Constrs"/>
    <File Path="$PSRCDIR/constrs_1/new/TOP.xdc">
      <FileInfo>
        <Attr Name="UsedIn" Val="synthesis"/>
        <Attr Name="UsedIn" Val="implementation"/>
      </FileInfo>
    </File>
    <Config>
      <Option Name="TargetConstrsFile" Val="$PSRCDIR/constrs_1/new/TOP.xdc"/>
      <Option Name="ConstrsType" Val="XDC"/>
    </Config>
  </FileSet>
  <Strategy Version="1" Minor="2">
    <StratHandle Name="Vivado Implementation Defaults" Flow="Vivado Implementation 2015"/>
    <Step Id="init_design"/>
    <Step Id="opt_design"/>
    <Step Id="power_opt_design"/>
    <Step Id="place_design"/>
    <Step Id="post_place_power_opt_design"/>
    <Step Id="phys_opt_design"/>
    <Step Id="route_design"/>
    <Step Id="post_route_phys_opt_design"/>
    <Step Id="write_bitstream"/>
  </Strategy>
</GenRun>
