<?xml version="1.0" encoding="UTF-8"?>
<GenRun Id="impl_1" LaunchPart="xc7a35tcsg324-1" LaunchTime="1491290649">
  <File Type="OPT-DCP" Name="loadsram_opt.dcp"/>
  <File Type="RUN-CONSTRS" Name="$PDATADIR/runs/impl_1/constrs_in.xml"/>
  <File Type="RUN-SRCS" Name="$PDATADIR/runs/impl_1/sources.xml"/>
  <File Type="ROUTE-DCP" Name="loadsram_routed.dcp"/>
  <File Type="PA-TCL" Name="loadsram.tcl"/>
  <File Type="RUN-STRAT" Name="$PDATADIR/runs/impl_1/impl_1.psg"/>
  <File Type="OPT-DRC" Name="loadsram_drc_opted.rpt"/>
  <File Type="INIT-TIMING" Name="loadsram_timing_summary_init.rpt"/>
  <File Type="OPT-TIMING" Name="loadsram_timing_summary_opted.rpt"/>
  <File Type="OPT-HWDEF" Name="loadsram.hwdef"/>
  <File Type="PWROPT-DCP" Name="loadsram_pwropt.dcp"/>
  <File Type="PWROPT-DRC" Name="loadsram_drc_pwropted.rpt"/>
  <File Type="PWROPT-TIMING" Name="loadsram_timing_summary_pwropted.rpt"/>
  <File Type="PLACE-DCP" Name="loadsram_placed.dcp"/>
  <File Type="PLACE-IO" Name="loadsram_io_placed.rpt"/>
  <File Type="PLACE-CLK" Name="loadsram_clock_utilization_placed.rpt"/>
  <File Type="PLACE-UTIL" Name="loadsram_utilization_placed.rpt"/>
  <File Type="PLACE-UTIL-PB" Name="loadsram_utilization_placed.pb"/>
  <File Type="PLACE-CTRL" Name="loadsram_control_sets_placed.rpt"/>
  <File Type="PLACE-SIMILARITY" Name="loadsram_incremental_reuse_placed.rpt"/>
  <File Type="PLACE-PRE-SIMILARITY" Name="loadsram_incremental_reuse_pre_placed.rpt"/>
  <File Type="PLACE-TIMING" Name="loadsram_timing_summary_placed.rpt"/>
  <File Type="POSTPLACE-PWROPT-DCP" Name="loadsram_postplace_pwropt.dcp"/>
  <File Type="POSTPLACE-PWROPT-TIMING" Name="loadsram_timing_summary_postplace_pwropted.rpt"/>
  <File Type="PHYSOPT-DCP" Name="loadsram_physopt.dcp"/>
  <File Type="RDI-RDI" Name="loadsram.vdi"/>
  <File Type="PHYSOPT-DRC" Name="loadsram_drc_physopted.rpt"/>
  <File Type="PHYSOPT-TIMING" Name="loadsram_timing_summary_physopted.rpt"/>
  <File Type="ROUTE-DRC" Name="loadsram_drc_routed.rpt"/>
  <File Type="ROUTE-DRC-PB" Name="loadsram_drc_routed.pb"/>
  <File Type="ROUTE-PWR" Name="loadsram_power_routed.rpt"/>
  <File Type="ROUTE-PWR-SUM" Name="loadsram_power_summary_routed.pb"/>
  <File Type="ROUTE-STATUS" Name="loadsram_route_status.rpt"/>
  <File Type="ROUTE-STATUS-PB" Name="loadsram_route_status.pb"/>
  <File Type="ROUTE-TIMINGSUMMARY" Name="loadsram_timing_summary_routed.rpt"/>
  <File Type="ROUTE-TIMING-PB" Name="loadsram_timing_summary_routed.pb"/>
  <File Type="ROUTE-TIMING-RPX" Name="loadsram_timing_summary_routed.rpx"/>
  <File Type="ROUTE-SIMILARITY" Name="loadsram_incremental_reuse_routed.rpt"/>
  <File Type="ROUTE-CLK" Name="loadsram_clock_utilization_routed.rpt"/>
  <File Type="POSTROUTE-PHYSOPT-DCP" Name="loadsram_postroute_physopt.dcp"/>
  <File Type="POSTROUTE-PHYSOPT-TIMING" Name="loadsram_timing_summary_postroute_physopted.rpt"/>
  <File Type="POSTROUTE-PHYSOPT-TIMING-PB" Name="loadsram_timing_summary_postroute_physopted.pb"/>
  <File Type="POSTROUTE-PHYSOPT-TIMING-RPX" Name="loadsram_timing_summary_postroute_physopted.rpx"/>
  <File Type="BG-BIT" Name="loadsram.bit"/>
  <File Type="BG-BIN" Name="loadsram.bin"/>
  <File Type="BITSTR-MSK" Name="loadsram.msk"/>
  <File Type="BITSTR-RBT" Name="loadsram.rbt"/>
  <File Type="BITSTR-NKY" Name="loadsram.nky"/>
  <File Type="BITSTR-BMM" Name="loadsram_bd.bmm"/>
  <File Type="BITSTR-MMI" Name="loadsram.mmi"/>
  <File Type="BITSTR-SYSDEF" Name="loadsram.sysdef"/>
  <File Type="BG-BGN" Name="loadsram.bgn"/>
  <File Type="BG-DRC" Name="loadsram.drc"/>
  <File Type="WBT-USG" Name="usage_statistics_webtalk.html"/>
  <FileSet Name="sources" Type="DesignSrcs" RelSrcDir="$PSRCDIR/sources_1">
    <Filter Type="Srcs"/>
    <File Path="$PSRCDIR/sources_1/new/sramW.v">
      <FileInfo>
        <Attr Name="UsedIn" Val="synthesis"/>
        <Attr Name="UsedIn" Val="implementation"/>
        <Attr Name="UsedIn" Val="simulation"/>
      </FileInfo>
    </File>
    <File Path="$PSRCDIR/sources_1/new/xiaodou.v">
      <FileInfo>
        <Attr Name="UsedIn" Val="synthesis"/>
        <Attr Name="UsedIn" Val="implementation"/>
        <Attr Name="UsedIn" Val="simulation"/>
      </FileInfo>
    </File>
    <File Path="$PSRCDIR/sources_1/new/segMsg.v">
      <FileInfo>
        <Attr Name="UsedIn" Val="synthesis"/>
        <Attr Name="UsedIn" Val="implementation"/>
        <Attr Name="UsedIn" Val="simulation"/>
      </FileInfo>
    </File>
    <File Path="$PSRCDIR/sources_1/new/GPU.v">
      <FileInfo>
        <Attr Name="UsedIn" Val="synthesis"/>
        <Attr Name="UsedIn" Val="implementation"/>
        <Attr Name="UsedIn" Val="simulation"/>
      </FileInfo>
    </File>
    <File Path="$PSRCDIR/sources_1/new/clkDiv.v">
      <FileInfo>
        <Attr Name="UsedIn" Val="synthesis"/>
        <Attr Name="UsedIn" Val="implementation"/>
        <Attr Name="UsedIn" Val="simulation"/>
      </FileInfo>
    </File>
    <File Path="$PSRCDIR/sources_1/imports/new/loadsram.v">
      <FileInfo>
        <Attr Name="ImportPath" Val="$PSRCDIR/sim_1/imports/new/loadsram.v"/>
        <Attr Name="ImportTime" Val="1491038834"/>
        <Attr Name="UsedIn" Val="synthesis"/>
        <Attr Name="UsedIn" Val="implementation"/>
        <Attr Name="UsedIn" Val="simulation"/>
      </FileInfo>
    </File>
    <File Path="$PSRCDIR/sources_1/new/changeAddr.v">
      <FileInfo>
        <Attr Name="AutoDisabled" Val="1"/>
        <Attr Name="UsedIn" Val="synthesis"/>
        <Attr Name="UsedIn" Val="implementation"/>
        <Attr Name="UsedIn" Val="simulation"/>
      </FileInfo>
    </File>
    <File Path="$PSRCDIR/sources_1/new/sram.v">
      <FileInfo>
        <Attr Name="AutoDisabled" Val="1"/>
        <Attr Name="UsedIn" Val="synthesis"/>
        <Attr Name="UsedIn" Val="implementation"/>
        <Attr Name="UsedIn" Val="simulation"/>
      </FileInfo>
    </File>
    <File Path="$PSRCDIR/sources_1/new/sramR.v">
      <FileInfo>
        <Attr Name="AutoDisabled" Val="1"/>
        <Attr Name="UsedIn" Val="synthesis"/>
        <Attr Name="UsedIn" Val="implementation"/>
        <Attr Name="UsedIn" Val="simulation"/>
      </FileInfo>
    </File>
    <Config>
      <Option Name="DesignMode" Val="RTL"/>
      <Option Name="TopModule" Val="loadsram"/>
    </Config>
  </FileSet>
  <FileSet Name="constrs_in" Type="Constrs" RelSrcDir="$PSRCDIR/constrs_1">
    <Filter Type="Constrs"/>
    <File Path="$PSRCDIR/constrs_1/new/guanjiao.xdc">
      <FileInfo>
        <Attr Name="UsedIn" Val="synthesis"/>
        <Attr Name="UsedIn" Val="implementation"/>
      </FileInfo>
    </File>
    <Config>
      <Option Name="TargetConstrsFile" Val="$PSRCDIR/constrs_1/new/guanjiao.xdc"/>
      <Option Name="ConstrsType" Val="XDC"/>
    </Config>
  </FileSet>
  <Strategy Version="1" Minor="2">
    <StratHandle Name="Vivado Implementation Defaults" Flow="Vivado Implementation 2015"/>
    <Step Id="init_design"/>
    <Step Id="opt_design"/>
    <Step Id="power_opt_design"/>
    <Step Id="place_design"/>
    <Step Id="post_place_power_opt_design"/>
    <Step Id="phys_opt_design"/>
    <Step Id="route_design"/>
    <Step Id="post_route_phys_opt_design"/>
    <Step Id="write_bitstream"/>
  </Strategy>
</GenRun>
